{
    "map": {
        "dimensions": {
            "x": 24,
            "y": 25
        },

        "tiles": [
            ".........Q....W.........",
            "kkkkk🤠.tttbbbbttt.cccccc",
            "kkkkkkttbbbbbbbbttcccc6c",
            "k1kkkkttbbbbbbbbttcccccc",
            "kkkkkkttbbbbbbbbttDccccc",
            "kkkkkkttDbbbbbbDtttccc👾.",
            ".kkkDkttbbbbbbbbtttttttE",
            "ttttttttbDbbbbDbttttttt.",
            ".tttttttttttttttttrrrrrr",
            "dddddtttttttttttttDrrrrr",
            "ddddddddtt.....tttrrrrrr",
            "ddddddddtt.....tttrr2rrr",
            "dddddddDtt.....tttrrrrDr",
            "ddddddddtt.....tttttttt.",
            "dd4dddddtt.....tttllDll.",
            "ddddddDdtt.....ttlllllll",
            ".ttttttttt.....ttDllllll",
            "Rttttttttttttttttlllllll",
            ".tttttttthhDDhhtttlllll.",
            "👾oooooDtthhhhhhttttttttT",
            "oooooootthhhhhhtttttttt.",
            "oooooootthhhhhhttDsssss🤠",
            "ooo3oootthhhhhhttsss5sss",
            "oooooootthhhhhhttsssssss",
            "oooooooY.hhhhhh.tsssssss"
        ]
    },

    "simple tiles": [
        {
            "char": ".",
            "obj": "none",
            "img_src": "outofbounds_tile_borderless.jpg"
        },
        {
            "char": "t",
            "obj": "tile",
            "img_src":"Walking"
        },
        {
            "char": "D",
            "obj": "door",
            "img_src":"black_tile.jpg"
        },
        {
            "char": "🤠",
            "obj": "secret door",
            "img_src":"secretdoor1.png"
        }, 
        {
            "char": "👾",
            "obj": "secret door",
            "img_src":"secretdoor2.png"
        }
    ],

    "game tiles": [
        {
            "char": "1",
            "obj": "weapon",
            "name": "Candlestick",
            "img_src": "candlestick.png"
        },
        {
            "char": "2",
            "obj": "weapon",
            "name": "Dagger",
            "img_src": "dagger.png"

        },
        {
            "char": "3",
            "obj": "weapon",
            "name": "Lead Pipe",
            "img_src": "leadpipe.png"
        },
        {
            "char": "4",
            "obj": "weapon",
            "name": "Revolver",
            "img_src": "revolver.png"
        },
        {
            "char": "5",
            "obj": "weapon",
            "name": "Rope",
            "img_src": "rope.png"
        },
        {
            "char": "6",
            "obj": "weapon",
            "name": "Wrench",
            "img_src": "wrench.png"
        }, 
        {
            "char": "k",
            "obj": "room",
            "name": "Kitchen",
            "img_src": "kitchen"
        },
        {
            "char": "b",
            "obj": "room",
            "name": "Ball Room",
            "img_src": "ballroom"
        },
        {
            "char": "c",
            "obj": "room",
            "name": "Conservatory",
            "img_src":"ballroom"
        },
        {
            "char": "d",
            "obj": "room",
            "name": "Dining Room",
            "img_src": "diningroom"
        },
        {
            "char": "r",
            "obj": "room",
            "name": "Billiard Room",
            "img_src": "Lounge"
        },
        {
            "char": "l",
            "obj": "room",
            "name": "Library",
            "img_src": "Library"
        },
        {
            "char": "h",
            "obj": "room",
            "name": "Hall",
            "img_src": "Hall"
        },
        {
            "char": "o",
            "obj": "room",
            "name": "Lounge",
            "img_src":"Lounge"
        },
        {
            "char": "s",
            "obj": "room",
            "name": "Study",
            "img_src": "Study"
        },
        {
            "char": "Q",
            "obj": "player",
            "name": "Mrs. White",
            "img_src": "mrswhite.png"
        },
        {
            "char": "W",
            "obj": "player",
            "name": "Mr. Green",
            "img_src": "mrgreen.png"
        },
        {
            "char": "E",
            "obj": "player",
            "name": "Mrs. Peacock",
            "img_src": "mrspeacock.png"
        },
        {
            "char": "R",
            "obj": "player",
            "name": "Colonel Mustard",
            "img_src":"colonelmustard.png"
        },
        {
            "char": "T",
            "obj": "player",
            "name": "Professor Plum",
            "img_src": "professorplum.png"    
        },
        {
            "char": "Y",
            "obj": "player",
            "name": "Miss Scarlett",
            "img_src": "missscarlett.png"
        }
    ]
}